<?xml version="1.0" encoding="UTF-8" ?>
<module>
    <name>addtoorder</name>
    <displayName><![CDATA[Extended options to add to order delivery method]]></displayName>
    <version><![CDATA[1.0.0]]></version>
    <description><![CDATA[Module for the configurations of the Moderne Smid BV]]></description>
    <author><![CDATA[ijzershop]]></author>
    <tab><![CDATA[front_office_features]]></tab>
	<confirmUninstall><![CDATA[Are you sure to remove this module, all records from the database wil be removed]]></confirmUninstall>
    <is_configurable>1</is_configurable>
    <need_instance>1</need_instance>
	<limited_countries></limited_countries>
</module>