<?xml version="1.0" encoding="UTF-8" ?>
<module>
    <name>dynamicproduct</name>
    <displayName><![CDATA[Dynamic Product]]></displayName>
    <version><![CDATA[2.8.3]]></version>
    <description><![CDATA[Allow your clients to customize their order by modifying various aspects of their products.]]></description>
    <author><![CDATA[Tuni-Soft]]></author>
    <tab><![CDATA[front_office_features]]></tab>
    <is_configurable>1</is_configurable>
    <need_instance>0</need_instance>
	<limited_countries></limited_countries>
</module>