<?xml version="1.0" encoding="UTF-8" ?>
<module>
    <name>ps_shoppingcart</name>
    <displayName><![CDATA[Winkelwagen]]></displayName>
    <version><![CDATA[2.0.4]]></version>
    <description><![CDATA[Display a shopping cart icon on your pages and the number of items it contains.]]></description>
    <author><![CDATA[PrestaShop]]></author>
    <tab><![CDATA[front_office_features]]></tab>
    <is_configurable>1</is_configurable>
    <need_instance>0</need_instance>
	<limited_countries></limited_countries>
</module>