<?xml version="1.0" encoding="UTF-8" ?>
<module>
    <name>supercheckout</name>
    <displayName><![CDATA[SuperCheckout]]></displayName>
    <version><![CDATA[6.0.9]]></version>
    <description><![CDATA[Een pagina checkout]]></description>
    <author><![CDATA[Knowband]]></author>
    <tab><![CDATA[checkout]]></tab>
	<confirmUninstall><![CDATA[Weet u zeker dat u wilt verwijderen?]]></confirmUninstall>
    <is_configurable>1</is_configurable>
    <need_instance>0</need_instance>
	<limited_countries></limited_countries>
</module>