<?xml version="1.0" encoding="UTF-8" ?>
<module>
    <name>koopmanorderexport</name>
    <displayName><![CDATA[Koopman TransMission Order Export]]></displayName>
    <version><![CDATA[1.0.1]]></version>
    <description><![CDATA[Export orders to Koopman TransMission API. Labels will be saved to specified folder in upload folder.]]></description>
    <author><![CDATA[Duracom internetdiensten]]></author>
    <tab><![CDATA[others]]></tab>
	<confirmUninstall><![CDATA[Are you sure you want to uninstall?]]></confirmUninstall>
    <is_configurable>1</is_configurable>
    <need_instance>0</need_instance>
	<limited_countries></limited_countries>
</module>