<?xml version="1.0" encoding="UTF-8" ?>
<module>
    <name>ps_creditpayment</name>
    <displayName><![CDATA[Credit payment]]></displayName>
    <version><![CDATA[2.1.0]]></version>
    <description><![CDATA[Accept credit payments by displaying your account details during the checkout and make it easy for your customers to purchase on your store.]]></description>
    <author><![CDATA[PrestaShop]]></author>
    <tab><![CDATA[payments_gateways]]></tab>
	<confirmUninstall><![CDATA[Are you sure about removing these details?]]></confirmUninstall>
    <is_configurable>1</is_configurable>
    <need_instance>1</need_instance>
	<limited_countries></limited_countries>
</module>